,Age_months,Weight (g),Timepoint,Tumor Volume (mm3),Metastatic Sites,Tumor_Volume_Change_mm3,Tumor_Volume_Change_pct
Age_months,1.0,0.00392343346907695,0.015172888288234097,0.03975524361253328,0.05742211192444387,0.0397552436125332,0.039755417648547786
Weight (g),0.00392343346907695,1.0,-0.08647248074328766,0.5881275121987514,0.17261679641280817,0.5881275121987517,0.5881275044048265
Timepoint,0.015172888288234097,-0.08647248074328766,1.0,0.44337985786105993,0.646026456022177,0.4433798578610597,0.4433764906476184
Tumor Volume (mm3),0.03975524361253328,0.5881275121987514,0.44337985786105993,1.0,0.5338063003605824,1.0000000000000004,0.9999999910383088
Metastatic Sites,0.05742211192444387,0.17261679641280817,0.646026456022177,0.5338063003605824,1.0,0.5338063003605823,0.5338040899622433
Tumor_Volume_Change_mm3,0.0397552436125332,0.5881275121987517,0.4433798578610597,1.0000000000000004,0.5338063003605823,1.0,0.9999999910383086
Tumor_Volume_Change_pct,0.039755417648547786,0.5881275044048265,0.4433764906476184,0.9999999910383088,0.5338040899622433,0.9999999910383086,1.0
